{"options":{"check_for_updates":true,"user_modified":null,"comment":null,"compatopts_for_requires":true,"compat_wrappedjsobject":false,"compat_metadata":false,"compat_foreach":false,"compat_powerful_this":null,"sandbox":null,"noframes":null,"unwrap":null,"run_at":null,"run_in":null,"tags":[],"override":{"use_includes":[],"orig_includes":["*://www.google*"],"merge_includes":true,"use_matches":[],"orig_matches":["*://www.baidu.com/*","*://tieba.baidu.com/*","*://v.baidu.com/*","*://xueshu.baidu.com/*","*://www.google.com/*","*://docs.google.com/*","*://mail.google.com/*","*://play.google.com/*","*://www.youtube.com/*","*://encrypted.google.com/*","*://www.so.com/*","*://www.zhihu.com/*","*://daily.zhihu.com/*","*://zhuanlan.zhihu.com/*","*://weibo.com/*","*://twitter.com/*","*://www.sogou.com/*","*://juejin.im/*","*://juejin.cn/*","*://mail.qq.com/*","*://addons.mozilla.org/*","*://www.jianshu.com/*","*://www.douban.com/*","*://getpocket.com/*","*://www.dogedoge.com/*","*://51.ruyo.net/*","*://steamcommunity.com/*","*://mijisou.com/*","*://blog.csdn.net/*","*://*.blog.csdn.net/*","*://*.oschina.net/*","*://app.yinxiang.com/*","*://www.logonews.cn/*","*://afdian.net/*","*://blog.51cto.com/*","*://xie.infoq.cn/*","*://gitee.com/*","*://sspai.com/*"],"merge_matches":true,"use_excludes":[],"orig_excludes":[],"merge_excludes":true,"use_connects":[],"orig_connects":["www.baidu.com","*"],"merge_connects":true,"use_blockers":["baidu.com","qq.com"],"orig_run_at":"document-start","orig_run_in":[],"orig_noframes":null}},"settings":{"enabled":true,"position":5},"meta":{"name":"anti-redirect","uuid":"7cbce623-80c9-47b0-81f7-823c54dcbd82","modified":1740147152234,"file_url":"https://greasyfork.org/scripts/11915-anti-redirect-typescript/code/anti-redirect.user.js"}}