{"options":{"check_for_updates":true,"user_modified":null,"comment":null,"compatopts_for_requires":true,"compat_wrappedjsobject":false,"compat_metadata":false,"compat_foreach":false,"compat_powerful_this":null,"sandbox":null,"noframes":null,"unwrap":null,"run_at":null,"run_in":null,"tags":[],"override":{"use_includes":[],"orig_includes":["http*://www.bilibili.com/video/*","http*://www.bilibili.com/bangumi/play/ss*","http*://www.bilibili.com/bangumi/play/ep*","http*://www.bilibili.com/list/watchlater*","https://www.bilibili.com/medialist/play/watchlater/*","http*://www.bilibili.com/medialist/play/ml*","http*://www.bilibili.com/blackboard/html5player.html*"],"merge_includes":true,"use_matches":[],"orig_matches":[],"merge_matches":true,"use_excludes":[],"orig_excludes":[],"merge_excludes":true,"use_connects":[],"orig_connects":[],"merge_connects":true,"use_blockers":[],"orig_run_at":"document-idle","orig_run_in":[],"orig_noframes":null}},"settings":{"enabled":true,"position":8},"meta":{"name":"Bilibili CC字幕工具","uuid":"397794cf-83f7-4492-88c5-a561fc5fe69a","modified":1740147152234,"file_url":"https://update.greasyfork.org/scripts/378513/Bilibili%20CC%E5%AD%97%E5%B9%95%E5%B7%A5%E5%85%B7.user.js"}}