{"options":{"check_for_updates":true,"user_modified":null,"comment":null,"compatopts_for_requires":true,"compat_wrappedjsobject":false,"compat_metadata":false,"compat_foreach":false,"compat_powerful_this":null,"sandbox":null,"noframes":null,"unwrap":null,"run_at":null,"run_in":null,"tags":[],"override":{"use_includes":[],"orig_includes":[],"merge_includes":true,"use_matches":[],"orig_matches":["*://www.bilibili.com/video/av*","*://www.bilibili.com/video/BV*","*://www.bilibili.com/list/*","*://www.bilibili.com/bangumi/play/ep*","*://www.bilibili.com/bangumi/play/ss*","*://www.bilibili.com/cheese/play/ep*","*://www.bilibili.com/cheese/play/ss*","https://www.mcbbs.net/template/mcbbs/image/special_photo_bg.png*"],"merge_matches":true,"use_excludes":[],"orig_excludes":[],"merge_excludes":true,"use_connects":[],"orig_connects":[],"merge_connects":true,"use_blockers":[],"orig_run_at":"document-idle","orig_run_in":[],"orig_noframes":null}},"settings":{"enabled":true,"position":6},"meta":{"name":"bilibili视频下载","uuid":"44498092-3a1b-4e1d-9e91-d5b32bf8fd81","modified":1740147152234,"file_url":"https://greasyfork.org/scripts/413228-bilibili%E8%A7%86%E9%A2%91%E4%B8%8B%E8%BD%BD/code/bilibili%E8%A7%86%E9%A2%91%E4%B8%8B%E8%BD%BD.user.js"}}