{"options":{"check_for_updates":true,"user_modified":null,"comment":null,"compatopts_for_requires":true,"compat_wrappedjsobject":false,"compat_metadata":false,"compat_foreach":false,"compat_powerful_this":null,"sandbox":null,"noframes":null,"unwrap":null,"run_at":null,"run_in":null,"tags":[],"override":{"use_includes":[],"orig_includes":[],"merge_includes":true,"use_matches":[],"orig_matches":["https://v2ex.com/","https://v2ex.com/?tab=*","https://v2ex.com/t/*","https://v2ex.com/recent*","https://v2ex.com/go/*","https://v2ex.com/member/*","https://v2ex.com/changes*","https://*.v2ex.com/","https://*.v2ex.com/?tab=*","https://*.v2ex.com/t/*","https://*.v2ex.com/recent*","https://*.v2ex.com/go/*","https://*.v2ex.com/member/*","https://*.v2ex.com/changes*"],"merge_matches":true,"use_excludes":[],"orig_excludes":[],"merge_excludes":true,"use_connects":[],"orig_connects":[],"merge_connects":true,"use_blockers":[],"orig_run_at":"document-idle","orig_run_in":[],"orig_noframes":null}},"settings":{"enabled":true,"position":7},"meta":{"name":"V2Next","uuid":"22cfe986-73d9-4d33-96aa-9e40585ec7ae","modified":1740147152234,"file_url":"https://update.greasyfork.org/scripts/458024/V2Next.user.js"}}