{"options":{"check_for_updates":true,"user_modified":null,"comment":null,"compatopts_for_requires":true,"compat_wrappedjsobject":false,"compat_metadata":false,"compat_foreach":false,"compat_powerful_this":null,"sandbox":null,"noframes":null,"unwrap":null,"run_at":null,"run_in":null,"tags":[],"override":{"use_includes":[],"orig_includes":[],"merge_includes":true,"use_matches":[],"orig_matches":["https://weread.qq.com/web/reader/*"],"merge_matches":true,"use_excludes":[],"orig_excludes":[],"merge_excludes":true,"use_connects":[],"orig_connects":[],"merge_connects":true,"use_blockers":[],"orig_run_at":"document-idle","orig_run_in":[],"orig_noframes":null,"orig_tags":[]}},"settings":{"enabled":true,"position":9},"meta":{"name":"微信读书加宽度","uuid":"60a51da8-1b1e-40fd-b995-e76b4ef76e40","modified":1740147152235,"file_url":"https://update.greasyfork.org/scripts/418878/%E5%BE%AE%E4%BF%A1%E8%AF%BB%E4%B9%A6%E5%8A%A0%E5%AE%BD%E5%BA%A6.user.js"}}