{"options":{"check_for_updates":true,"user_modified":null,"comment":null,"compatopts_for_requires":true,"compat_wrappedjsobject":false,"compat_metadata":false,"compat_foreach":false,"compat_powerful_this":null,"sandbox":null,"noframes":null,"unwrap":null,"run_at":null,"run_in":null,"tags":[],"override":{"use_includes":[],"orig_includes":[],"merge_includes":true,"use_matches":[],"orig_matches":["https://stackoverflow.com/*"],"merge_matches":true,"use_excludes":[],"orig_excludes":[],"merge_excludes":true,"use_connects":[],"orig_connects":[],"merge_connects":true,"use_blockers":[],"orig_run_at":"document-idle","orig_run_in":[],"orig_noframes":null}},"settings":{"enabled":true,"position":3},"meta":{"name":"直接显示StackOverflow的答题日期","uuid":"a986622f-4d79-4a37-8aa4-a50c00446aca","modified":1740147152234,"file_url":"https://greasyfork.org/scripts/368061-%E7%9B%B4%E6%8E%A5%E6%98%BE%E7%A4%BAstackoverflow%E7%9A%84%E7%AD%94%E9%A2%98%E6%97%A5%E6%9C%9F/code/%E7%9B%B4%E6%8E%A5%E6%98%BE%E7%A4%BAStackOverflow%E7%9A%84%E7%AD%94%E9%A2%98%E6%97%A5%E6%9C%9F.user.js"}}