{"ts":1740147153600,"data":{"menu_defaultCollapsedAnswer":"btrue","menu_collapsedAnswer":"btrue","menu_collapsedNowAnswer":"btrue","menu_backToTop":"btrue","menu_blockUsers":"btrue","menu_customBlockUsers":"o[\"æäºæ¡£æ¡å±\",\"çéæ¨è\",\"çéç§æ®\",\"çéæé¿è®¡å\",\"ç¥ä¹çéä¼å\",\"ç¥ä¹çéåä½è\",\"çéå¿ç\",\"çéå¥åº·å¿ä¿®è¯¾\",\"çéå¥å¦ç©è¯­\",\"çéçæ´»é¦\",\"çéèåº\",\"çéæå­¦çé\",\"çéä½èå°ç®¡å®¶\",\"çéåç©é¦\",\"çéç¹é\",\"çéæµè¯å®¤\",\"çéç§æåæ²¿\",\"çéä¼åç²¾å\"]","menu_blockKeywords":"btrue","menu_blockKeywordsComment":"btrue","menu_customBlockKeywords":"o[]","menu_blockType":"s","menu_blockTypeVideo":"btrue","menu_blockTypeArticle":"bfalse","menu_blockTypePin":"bfalse","menu_blockTypeFollowAgree":"bfalse","menu_blockTypeFollowQuestion":"bfalse","menu_blockTypeTopic":"bfalse","menu_blockTypeSearch":"bfalse","menu_blockYanXuan":"bfalse","menu_blockTypeLiveHot":"btrue","menu_cleanHighlightLink":"btrue","menu_cleanSearch":"bfalse","menu_cleanTitles":"bfalse","menu_questionRichTextMore":"bfalse","menu_publishTop":"btrue","menu_typeTips":"btrue","menu_toQuestion":"btrue"}}